Slide_ID,Slide_Title,Section,Content_Summary,Relevance_Context
1,Executive Summary,Overview,Service Operations Transformation,Corporate
2,Transformation Overview,PMO,Enterprise-wide transformation,Corporate
3,PMO Governance,Structure,Central PMO tracking,PMO
4,Transformation Tracks,Overview,Multiple initiatives,Corporate
5,Production Track,Smelter,Yield improvement,Manufacturing
6,Digital Track,ERP,SAP rollout,IT
7,HR Track,Engagement,Engagement initiatives,HR
8,Service Transformation,Overview,Service optimization initiative,Service
9,Problem Statement,Service Ops,"Utilization ~78%, TAT ~75 days",Service
10,Baseline View,Utilization,Distorted by structural factors,Service
11,Baseline View,TAT,Elevated across BUs,Service
12,Initiative Design,Role,Role-level analysis,Service
13,Initiative Design,Shift,Shift redesign,Service
14,Initiative Design,Process,Process improvement,Service
15,Optimization Levers,Role,Reduce overlap,Service
16,Optimization Levers,Shift,Balance shifts,Service
17,Optimization Levers,Workload,Redistribute work,Service
18,Impact Estimate,Workforce,~20% optimization potential,Service
19,Impact Estimate,Utilization,~80%+ feasible,Service
20,Impact Estimate,TAT,~60 days achievable,Service
21,Implementation Plan,Timeline,12-month rollout,Service
22,Implementation Plan,Phases,Pilot → Scale → Stabilize,Service
23,Implementation Plan,Ownership,BU ownership,Service
24,Risk Assessment,Execution,Moderate risk,Service
25,Risk Assessment,Operations,Temporary disruption,Service
26,Risk Assessment,Mitigation,Phased rollout,Service
27,Sensitivity Analysis,Utilization,Depends on shifts,Service
28,Sensitivity Analysis,TAT,Depends on approvals,Service
29,Sensitivity Analysis,Staffing,Depends on consolidation,Service
30,Dependencies,Systems,Ticketing system,IT
31,Dependencies,HR,Training needed,HR
32,Dependencies,Governance,PMO needed,PMO
33,Other Initiatives,Manufacturing,Parallel initiatives,Manufacturing
34,Other Initiatives,Capex,Expansion projects,Finance
35,Other Initiatives,Sustainability,ESG initiatives,ESG
36,Conclusion Summary,Insight,Structural inefficiencies,Service
37,Conclusion Summary,Impact,Closes utilization + TAT gaps,Service
38,Conclusion Summary,Feasibility,Achievable in timeline,Service
39,Conclusion Summary,Risk,Manageable risks,Service
40,Next Steps,Direction,Decision pending validation,Service