Section_ID,Section_Title,Subtopic,Content_Summary,Reference_Context
1,Corporate Overview,Strategy,Focus on scaling merchant acquisition across D2C platform,Corporate
2,Growth Performance,Traffic,Platform traffic increased across most cohorts over recent periods,Growth
3,Growth Performance,Acquisition,Merchant onboarding expanded across multiple segments,Growth
4,Marketing Review,Spend Efficiency,Customer acquisition costs observed to trend upward,Marketing
5,Marketing Review,Campaigns,Campaign rollout timelines improved marginally,Marketing
6,Creative Ops,Deployment,Creative production cycle reduced slightly across teams,Creative
7,Creative Ops,Testing,Testing coverage expanded across top merchants,Creative
8,Funnel Metrics,Conversion,Conversion rates remain broadly stable across categories,Funnel
9,Funnel Metrics,AOV,Average order values show limited variation,Funnel
10,Service Ops Overview,Structure,Service operations distributed across regional fulfilment hubs,Service
11,Service Ops Overview,Workload,Operational load increased following merchant expansion,Service
12,Service Ops Overview,Allocation,Variation observed in workload distribution across partners,Service
13,Operations Review,Dispatch,Some delays noted in order dispatch timelines across locations,Service
14,Vendor Management,Logistics,Performance variation observed across logistics providers,Operations
15,Customer Experience,Feedback,Increase in customer feedback related to delivery timelines,Service
16,Process Review,Escalations,Escalation volumes increased in recent cycles,Service
17,Technology Systems,Tracking,Minor inconsistencies reported in order tracking visibility,IT
18,Finance Review,Costs,Fulfilment-related costs show upward trend,Finance
19,Operations Review,Delivery,Delivery timelines show variability across regions,Service
20,Customer Experience,Retention,Repeat purchase behaviour varies across merchant cohorts,Service
21,Vendor Management,SLA,Differences observed in SLA adherence across partners,Operations
22,Process Review,Coordination,Coordination gaps occasionally observed between teams,Service
23,Technology Systems,Integration,Inventory sync inconsistencies noted in some cases,IT
24,Fulfilment Ops,Returns,Return volumes increased in certain categories,Service
25,Customer Experience,Complaints,Customer complaints linked to post-purchase experience observed,Service
26,Operations Review,Routing,Routing inefficiencies observed during peak demand periods,Service
27,Marketing Analysis,Attribution,Attribution models indicate mixed performance across channels,Marketing
28,Marketing Analysis,Segmentation,Customer segmentation under refinement,Marketing
29,Creative Ops,Assets,Creative refresh cycles ongoing,Creative
30,HR Update,Hiring,Hiring underway to support operations scaling,HR
31,HR Update,Training,Training programs initiated for new hires,HR
32,Finance Review,Margins,Margins show pressure in some cohorts,Finance
33,Finance Review,Allocation,Cost allocation models under review,Finance
34,Operations Cross-Link,Manufacturing,No significant upstream production constraints identified,Manufacturing
35,Operations Cross-Link,Procurement,Procurement timelines stable across suppliers,Operations
36,Service Ops Review,Inventory,Inventory mismatches occasionally impacting order fulfilment,Service
37,Customer Experience,Refunds,Refund timelines vary across cases,Service
38,Vendor Management,Capacity,Capacity constraints observed during peak periods,Operations
39,Merchandising Review,Pricing,Pricing inconsistencies observed across select categories,Business
40,Merchandising Review,Catalog,Catalog quality varies across merchants,Business
41,Product Signals,Assortment,Product assortment gaps observed in long-tail merchants,Business
42,Product Signals,Positioning,Positioning differences impacting performance across segments,Business
43,Noise Section,CSR,Community initiatives expanded across regions,CSR
44,Noise Section,ESG,Sustainability metrics improved,ESG
45,Noise Section,Capex,Expansion plans under evaluation,Finance
46,Noise Section,Org Design,Organisational structure being reviewed,HR
47,Appendix,Historical Data,Historical patterns show periodic variability,Reference
48,Appendix,Definitions,Metric definitions standardised across teams,Reference
49,Appendix,Templates,Reporting templates updated,Reference
50,Additional Notes,Observation,Multiple operational factors influencing performance trends,Service
51,Additional Notes,Summary,No single factor explicitly isolated in current reporting,Service
52,Additional Notes,Trend,Recent periods show divergence between growth and realised outcomes,Service